document_id,filename,department,document_type,access_level,description,title,version,status,effective_date,superseded_by,authority_rank,allowed_roles,tenant_id,page_count,sha256,tags
HR-001,HR/hr-001_annual_leave_policy.pdf,HR,policy,internal,Annual leave policy: Employees receive 22 annual leave days per calendar year.,Annual leave policy,2.0,current,2026-04-01,,1,"[""employee""]",meridian_synthetic,1,abc8eb0d2fd205177a89a54b4b82934137fbc8820ef7adc701233d1eb9e88062,"[""hr"", ""policy"", ""synthetic"", ""enterprise""]"
HR-002,HR/hr-002_annual_leave_policy_archived.pdf,HR,policy,internal,Annual leave policy - archived: Employees received 18 annual leave days per calendar year under version 1.,Annual leave policy - archived,1.0,archived,2024-01-01,HR-001,3,"[""employee""]",meridian_synthetic,2,2b771c5985810aad5fb84654dd8610d45bc2b9c32fe8ca1100a72d7b107c1f09,"[""hr"", ""policy"", ""synthetic"", ""enterprise""]"
HR-003,HR/hr-003_employee_leave_faq.pdf,HR,FAQ,internal,Employee leave FAQ: Full-time employees receive 22 annual leave days.,Employee leave FAQ,2.0,current,2026-04-01,,2,"[""employee""]",meridian_synthetic,3,bf20c36e576ad19a8009c8f227c704c849b9ad8af5a012668500a068ba1bb930,"[""hr"", ""FAQ"", ""synthetic"", ""enterprise""]"
HR-004,HR/hr-004_remote_work_policy.pdf,HR,policy,internal,Remote work policy: Eligible staff may work remotely three days per week.,Remote work policy,2.0,current,2026-04-01,,1,"[""employee""]",meridian_synthetic,4,1b92c043804c7366ef46f646842f45fba181bff1414cd1c491657d3fab413078,"[""hr"", ""policy"", ""synthetic"", ""enterprise""]"
HR-005,HR/hr-005_new_employee_onboarding.pdf,HR,onboarding guide,confidential,New employee onboarding: The first-day orientation begins at 09:30 in the Atlas training room.,New employee onboarding,2.0,current,2026-04-01,,1,"[""hr_member"", ""hr_manager""]",meridian_synthetic,5,5e5d60a349c28a33dce39201bfccb5c736ea57e8d826fa85bab76179baf50d8e,"[""hr"", ""onboarding guide"", ""synthetic"", ""enterprise""]"
HR-006,HR/hr-006_parental_leave_guide.pdf,HR,policy,internal,Parental leave guide: Primary caregivers receive 16 weeks of company-paid leave.,Parental leave guide,2.0,current,2026-04-01,,1,"[""employee""]",meridian_synthetic,6,38bd027931d3f7e5ce69fdaa026249d5ddaea5c33b925ab7a71a9afbe128abda,"[""hr"", ""policy"", ""synthetic"", ""enterprise""]"
HR-007,HR/hr-007_travel_wellbeing_guide.pdf,HR,guide,internal,Travel wellbeing guide: Trips lasting more than seven nights require a wellbeing check-in.,Travel wellbeing guide,2.0,current,2026-04-01,,1,"[""employee""]",meridian_synthetic,1,739dfe57ff9e351a9942fe4c42ee518070f7aef6ee9aff602791a3ed65e87ec1,"[""hr"", ""guide"", ""synthetic"", ""enterprise""]"
HR-008,HR/hr-008_performance_review_sop.pdf,HR,SOP,internal,Performance review SOP: Quarterly check-ins use the GrowthTrack workspace.,Performance review SOP,2.0,current,2026-04-01,,1,"[""employee""]",meridian_synthetic,2,6cef669b920fb806101e3a42cca4048a40f5eccdafecfcbce1c14f0d1ef50f44,"[""hr"", ""SOP"", ""synthetic"", ""enterprise""]"
HR-009,HR/hr-009_learning_allowance_policy.pdf,HR,policy,internal,Learning allowance policy: The annual learning allowance is 800 fictional Meridian credits per employee.,Learning allowance policy,2.0,current,2026-04-01,,1,"[""employee""]",meridian_synthetic,3,6b42235aa6d788cd5605da00cfc69556e10c8a82d57059b28ee78917c587b5d2,"[""hr"", ""policy"", ""synthetic"", ""enterprise""]"
HR-010,HR/hr-010_workplace_concern_intake.pdf,HR,form instructions,confidential,Workplace concern intake: The concern form accepts anonymous submissions.,Workplace concern intake,2.0,current,2026-04-01,,1,"[""hr_member"", ""hr_manager""]",meridian_synthetic,4,74bed1bba007b83793b8e640728746f4c969836445a1583f1ac91e6f96d474f8,"[""hr"", ""form instructions"", ""synthetic"", ""enterprise""]"
HR-011,HR/hr-011_offboarding_checklist.pdf,HR,SOP,internal,Offboarding checklist: The manager opens an offboarding case five working days before departure.,Offboarding checklist,2.0,current,2026-04-01,,1,"[""employee""]",meridian_synthetic,5,f83882c67be0a5bf6163f255261d421bd6f1b501a26daf3c6c207aeecee20307,"[""hr"", ""SOP"", ""synthetic"", ""enterprise""]"
HR-012,HR/hr-012_contractor_onboarding_faq.pdf,HR,FAQ,internal,Contractor onboarding FAQ: Contractor sponsorship expires after 90 days unless renewed.,Contractor onboarding FAQ,2.0,current,2026-04-01,,2,"[""employee""]",meridian_synthetic,6,62490edbe29534950d4c9317693bda7f3ade2b6d2d41cff81072a92adf903721,"[""hr"", ""FAQ"", ""synthetic"", ""enterprise""]"
HR-013,HR/hr-013_compensation_review_procedure.pdf,HR,SOP,restricted,Compensation review procedure: Compensation cases use band codes M1 through M6.,Compensation review procedure,2.0,current,2026-04-01,,1,"[""hr_reviewer""]",meridian_synthetic,1,e38ad3731e076075132bb3f7df0eba70fc357d7c0d1eae7437c4e2baa8f46af6,"[""hr"", ""SOP"", ""synthetic"", ""enterprise""]"
IT-001,IT/it-001_device_provisioning_sop.pdf,IT,SOP,internal,Device provisioning SOP: Standard laptops are issued within four working days of an approved request.,Device provisioning SOP,2.0,current,2026-04-01,,1,"[""employee""]",meridian_synthetic,2,c24cf9555e2f1692b95142480bbc54bfe19e29fcd09de2ca0f4e9e2fd2cf1a3d,"[""it"", ""SOP"", ""synthetic"", ""enterprise""]"
IT-002,IT/it-002_service_desk_faq.pdf,IT,FAQ,internal,Service desk FAQ: Routine tickets receive an initial response within eight business hours.,Service desk FAQ,2.0,current,2026-04-01,,2,"[""employee""]",meridian_synthetic,3,4ec8a1e2b970f044ffcdbdae2eea01b258eec28432e0def1bae1866235879118,"[""it"", ""FAQ"", ""synthetic"", ""enterprise""]"
IT-003,IT/it-003_password_and_authentication_standard.pdf,IT,policy,internal,Password and authentication standard: Workforce accounts require phishing-resistant multifactor authentication.,Password and authentication standard,2.0,current,2026-04-01,,1,"[""employee""]",meridian_synthetic,4,489dee157ee5594d578d3aa9fc501248637d8fdba67f007738b0f10f050ce754,"[""it"", ""policy"", ""synthetic"", ""enterprise""]"
IT-004,IT/it-004_access_request_instructions.pdf,IT,form instructions,internal,Access request instructions: Access requests must include a business purpose and resource owner.,Access request instructions,2.0,current,2026-04-01,,1,"[""employee""]",meridian_synthetic,5,52f3ed303e4e2bb1c174f52f15298bcd331d69f3cb3e90ab524ddb56bdfc92d5,"[""it"", ""form instructions"", ""synthetic"", ""enterprise""]"
IT-005,IT/it-005_vpn_outage_runbook.pdf,IT,incident runbook,confidential,VPN outage runbook: VPN incidents are owned by the Network duty engineer.,VPN outage runbook,2.0,current,2026-04-01,,1,"[""it_member"", ""it_manager""]",meridian_synthetic,6,94c40105a832bd1122582eb1747af91e2909b6cb18272656763a2fb6339e2a4b,"[""it"", ""incident runbook"", ""synthetic"", ""enterprise""]"
IT-006,IT/it-006_asset_inventory_procedure.pdf,IT,SOP,internal,Asset inventory procedure: Asset records use the prefix AST followed by six digits.,Asset inventory procedure,2.0,current,2026-04-01,,1,"[""employee""]",meridian_synthetic,1,a9590e3565c9170fe53dbd2f13a2597e1a38edae61b7f56cc8c7c5d040c855b3,"[""it"", ""SOP"", ""synthetic"", ""enterprise""]"
IT-007,IT/it-007_software_catalog_guide.pdf,IT,guide,internal,Software catalog guide: Approved software is installed through AppShelf.,Software catalog guide,2.0,current,2026-04-01,,1,"[""employee""]",meridian_synthetic,2,0d873cc6a729cd3d91539110fb3540c62de22a99f2fa29bd623d6eabd86c2041,"[""it"", ""guide"", ""synthetic"", ""enterprise""]"
IT-008,IT/it-008_backup_restoration_runbook.pdf,IT,incident runbook,confidential,Backup restoration runbook: The Helix file service has a four-hour recovery time objective.,Backup restoration runbook,2.0,current,2026-04-01,,1,"[""it_member"", ""it_manager""]",meridian_synthetic,3,c897560422df384b9948450f0a95ad8926de0b5dc380337cf9ee6dc665e5f665,"[""it"", ""incident runbook"", ""synthetic"", ""enterprise""]"
IT-009,IT/it-009_email_migration_onboarding.pdf,IT,onboarding guide,internal,Email migration onboarding: Mailbox migration batches are limited to 40 users.,Email migration onboarding,2.0,current,2026-04-01,,1,"[""employee""]",meridian_synthetic,4,0de2eaff735779a62d7d3f6d510f36d828f51f030694b136d51dde776584a192,"[""it"", ""onboarding guide"", ""synthetic"", ""enterprise""]"
IT-010,IT/it-010_device_loss_response.pdf,IT,incident runbook,confidential,Device loss response: Report a lost managed device within 30 minutes of discovery.,Device loss response,2.0,current,2026-04-01,,1,"[""it_member"", ""it_manager""]",meridian_synthetic,5,5d392a3ca5dbac947857966cc79d8d08b098245ec11f8cae080cd4235903384f,"[""it"", ""incident runbook"", ""synthetic"", ""enterprise""]"
IT-011,IT/it-011_it_change_policy.pdf,IT,policy,internal,IT change policy: Standard changes require one working day of notice.,IT change policy,2.0,current,2026-04-01,,1,"[""employee""]",meridian_synthetic,6,55ede1441d0c97a90b867c1196580c433bc11ce57b8fdb91c29ba87b29ea085c,"[""it"", ""policy"", ""synthetic"", ""enterprise""]"
IT-012,IT/it-012_guest_network_faq.pdf,IT,FAQ,internal,Guest network FAQ: Guest network passes expire after 12 hours.,Guest network FAQ,2.0,current,2026-04-01,,2,"[""employee""]",meridian_synthetic,1,9b36f8237c7c3cb998951ddd93e7a0330ee6a989e1006da9c2b623dcf788fa32,"[""it"", ""FAQ"", ""synthetic"", ""enterprise""]"
IT-013,IT/it-013_privileged_access_review.pdf,IT,SOP,internal,Privileged access review: Privileged entitlements are reviewed every 30 days.,Privileged access review,2.0,current,2026-04-01,,1,"[""employee""]",meridian_synthetic,2,d796940f4560e734f8d663742a08f323eda23c396a1553404d40b91d72d5c0b3,"[""it"", ""SOP"", ""synthetic"", ""enterprise""]"
FIN-001,Finance/fin-001_travel_reimbursement_policy.pdf,Finance,policy,internal,Travel reimbursement policy: Domestic lodging reimbursement is capped at 140 Meridian credits per night.,Travel reimbursement policy,2.0,current,2026-04-01,,1,"[""employee""]",meridian_synthetic,3,4811557537750c8b836d175626effe22d381530b1ef029628668c50ada641303,"[""finance"", ""policy"", ""synthetic"", ""enterprise""]"
FIN-002,Finance/fin-002_travel_reimbursement_policy_archived.pdf,Finance,policy,internal,Travel reimbursement policy - archived: Domestic lodging reimbursement was capped at 110 Meridian credits per night.,Travel reimbursement policy - archived,1.0,archived,2024-01-01,FIN-001,3,"[""employee""]",meridian_synthetic,4,f9017e90fc1e12071b75e81fe64fc23e86ed38d0a7e39912a485c136d3eb10a4,"[""finance"", ""policy"", ""synthetic"", ""enterprise""]"
FIN-003,Finance/fin-003_accounts_payable_sop.pdf,Finance,SOP,internal,Accounts payable SOP: Invoices above 5000 Meridian credits require two approvers.,Accounts payable SOP,2.0,current,2026-04-01,,1,"[""employee""]",meridian_synthetic,5,53aff0c8d67ea2cfa84e3d91bdacd4f8516999df01283b6e5822a61bdf7f4493,"[""finance"", ""SOP"", ""synthetic"", ""enterprise""]"
FIN-004,Finance/fin-004_purchase_order_instructions.pdf,Finance,form instructions,internal,Purchase order instructions: A purchase order is required before supplier commitment above 750 credits.,Purchase order instructions,2.0,current,2026-04-01,,1,"[""employee""]",meridian_synthetic,6,11067462faf03330b4f7b31f751c6f4c7c3e328673da55a42860353da8e44436,"[""finance"", ""form instructions"", ""synthetic"", ""enterprise""]"
FIN-005,Finance/fin-005_month_end_close_checklist.pdf,Finance,SOP,confidential,Month-end close checklist: Close entries freeze on working day four of the next month.,Month-end close checklist,2.0,current,2026-04-01,,1,"[""finance_member"", ""finance_manager""]",meridian_synthetic,1,7c78e8c96dfc5693da169a790f0f1f0350a8c83bc9a41c304789fdf439acbe0b,"[""finance"", ""SOP"", ""synthetic"", ""enterprise""]"
FIN-006,Finance/fin-006_expense_faq.pdf,Finance,FAQ,internal,Expense FAQ: Meal receipts require itemized lines.,Expense FAQ,2.0,current,2026-04-01,,2,"[""employee""]",meridian_synthetic,2,962bd698e500090e724d3a8a52c8bad87ef1f632dcff0c8375a02d7225995762,"[""finance"", ""FAQ"", ""synthetic"", ""enterprise""]"
FIN-007,Finance/fin-007_budget_planning_guide.pdf,Finance,guide,internal,Budget planning guide: Departments submit rolling forecasts by the twentieth of each month.,Budget planning guide,2.0,current,2026-04-01,,1,"[""employee""]",meridian_synthetic,3,0c445457a9ace149ac3f3733e96f92be45646aa08f7d769555c94666f6060f67,"[""finance"", ""guide"", ""synthetic"", ""enterprise""]"
FIN-008,Finance/fin-008_supplier_bank_change_verification.pdf,Finance,SOP,internal,Supplier bank-change verification: Bank-change requests require an independently verified callback.,Supplier bank-change verification,2.0,current,2026-04-01,,1,"[""employee""]",meridian_synthetic,4,78e8dc39008e92d275054ab0af9ba4bbde923050562506a85c7c942c108e0dac,"[""finance"", ""SOP"", ""synthetic"", ""enterprise""]"
FIN-009,Finance/fin-009_revenue_recognition_guide.pdf,Finance,guide,internal,Revenue recognition guide: Subscription revenue is allocated over the contracted service period.,Revenue recognition guide,2.0,current,2026-04-01,,1,"[""employee""]",meridian_synthetic,5,3c90dd6d6c4438199f40e1b88027351614ca42ba56992b5646b8a4137a77200c,"[""finance"", ""guide"", ""synthetic"", ""enterprise""]"
FIN-010,Finance/fin-010_payroll_cutoff_faq.pdf,Finance,FAQ,confidential,Payroll cutoff FAQ: Payroll changes close on the eighteenth of each month.,Payroll cutoff FAQ,2.0,current,2026-04-01,,2,"[""finance_member"", ""finance_manager""]",meridian_synthetic,6,f7ebc1fb783b60026c2b3ad41b06538a6dcf3b124c4ad35e8e73c3ba6aeef5f2,"[""finance"", ""FAQ"", ""synthetic"", ""enterprise""]"
FIN-011,Finance/fin-011_emergency_spend_procedure.pdf,Finance,SOP,internal,Emergency spend procedure: Emergency spend up to 2000 credits requires the incident commander and budget owner.,Emergency spend procedure,2.0,current,2026-04-01,,1,"[""employee""]",meridian_synthetic,1,688024b6ececdc7894745b7048cb9fa36b294b3dc78d9b12e0b3c4a475ec4876,"[""finance"", ""SOP"", ""synthetic"", ""enterprise""]"
FIN-012,Finance/fin-012_financial_delegation_policy.pdf,Finance,policy,internal,Financial delegation policy: Department heads approve commitments up to 12000 credits.,Financial delegation policy,2.0,current,2026-04-01,,1,"[""employee""]",meridian_synthetic,2,830ff9c9bf77cb29912978cfc50739da3470484e116546fdd785caf6f011f2b7,"[""finance"", ""policy"", ""synthetic"", ""enterprise""]"
FIN-013,Finance/fin-013_restricted_pricing_workbook_instructions.pdf,Finance,form instructions,restricted,Restricted pricing workbook instructions: Margin scenarios use the fictional cost index 1.24.,Restricted pricing workbook instructions,2.0,current,2026-04-01,,1,"[""finance_analyst"", ""sales_approver""]",meridian_synthetic,3,ac357c6fc68b9b6e168e83d80e4a23bf1f878025d90186c1a595174c0a30abb3,"[""finance"", ""form instructions"", ""synthetic"", ""enterprise""]"
SEC-001,Security/sec-001_incident_severity_standard.pdf,Security,policy,internal,Incident severity standard: SEV1 is a confirmed widespread critical-service interruption or high-impact data exposure.,Incident severity standard,2.0,current,2026-04-01,,1,"[""employee""]",meridian_synthetic,4,0d951a4d02a708535456313b203240f864e2b4e4f3eb5377a0f02e3bcbd4cf85,"[""security"", ""policy"", ""synthetic"", ""enterprise""]"
SEC-002,Security/sec-002_incident_severity_standard_archived.pdf,Security,policy,internal,Incident severity standard - archived: The archived SEV1 acknowledgment target was 20 minutes.,Incident severity standard - archived,1.0,archived,2024-01-01,SEC-001,3,"[""employee""]",meridian_synthetic,5,30483764c4652f5e6a1dbd5904412145f67c09969ea54131e8ea3a94142fff5d,"[""security"", ""policy"", ""synthetic"", ""enterprise""]"
SEC-003,Security/sec-003_phishing_report_faq.pdf,Security,FAQ,internal,Phishing report FAQ: Use the Report Suspicious button to submit questionable messages.,Phishing report FAQ,2.0,current,2026-04-01,,2,"[""employee""]",meridian_synthetic,6,db6af8e0b6f356dcf5de389ee06944fbf80154592a48c515de0e4617fc142e76,"[""security"", ""FAQ"", ""synthetic"", ""enterprise""]"
SEC-004,Security/sec-004_data_classification_policy.pdf,Security,policy,internal,"Data classification policy: The four access labels are public, internal, confidential and restricted.",Data classification policy,2.0,current,2026-04-01,,1,"[""employee""]",meridian_synthetic,1,b877ac4b35b7f522c0c94271a9eec7f00eb184aea1f2c579b77ae64f6fab3942,"[""security"", ""policy"", ""synthetic"", ""enterprise""]"
SEC-005,Security/sec-005_security_incident_intake.pdf,Security,form instructions,confidential,"Security incident intake: Record discovery time, affected service and observable impact.",Security incident intake,2.0,current,2026-04-01,,1,"[""security_member"", ""security_manager""]",meridian_synthetic,2,3d6d152f0e4152d80b8bd97e92f70edce575491465fbc734f1aff771c47a5606,"[""security"", ""form instructions"", ""synthetic"", ""enterprise""]"
SEC-006,Security/sec-006_suspicious_sign_in_runbook.pdf,Security,incident runbook,confidential,Suspicious sign-in runbook: The identity duty analyst reviews unusual sign-in alerts.,Suspicious sign-in runbook,2.0,current,2026-04-01,,1,"[""security_member"", ""security_manager""]",meridian_synthetic,3,7dc871b4eb63f507d83d62215166cf74cc1987d003fbee481c1085405805170b,"[""security"", ""incident runbook"", ""synthetic"", ""enterprise""]"
SEC-007,Security/sec-007_key_rotation_procedure.pdf,Security,SOP,internal,Key rotation procedure: Service secrets rotate every 90 days in the approved vault.,Key rotation procedure,2.0,current,2026-04-01,,1,"[""employee""]",meridian_synthetic,4,55bbdfef47fea11cab5924a8e360a861975316fd4ac3ed896ee249ca8bd5d7ad,"[""security"", ""SOP"", ""synthetic"", ""enterprise""]"
SEC-008,Security/sec-008_vendor_security_review.pdf,Security,SOP,internal,Vendor security review: High-risk vendors receive annual reassessment.,Vendor security review,2.0,current,2026-04-01,,1,"[""employee""]",meridian_synthetic,5,93ea9cd9ca661501099346fb0f6d700a1b6397b7c0dc20cd7de8c5ac656824fe,"[""security"", ""SOP"", ""synthetic"", ""enterprise""]"
SEC-009,Security/sec-009_security_onboarding_guide.pdf,Security,onboarding guide,internal,Security onboarding guide: New hires complete threat-awareness training within ten working days.,Security onboarding guide,2.0,current,2026-04-01,,1,"[""employee""]",meridian_synthetic,6,11e67ba38c68ee245459e551cbc5182b6706ad3f8dd0f1863ad83afeefe56793,"[""security"", ""onboarding guide"", ""synthetic"", ""enterprise""]"
SEC-010,Security/sec-010_physical_access_faq.pdf,Security,FAQ,confidential,Physical access FAQ: Visitor badges expire at 18:00 on the day of issue.,Physical access FAQ,2.0,current,2026-04-01,,2,"[""security_member"", ""security_manager""]",meridian_synthetic,1,aa5d0b1319d5f4884a2b464d0bcb9cb97c632d3603d25f7bb5fe0a1187e1cbe8,"[""security"", ""FAQ"", ""synthetic"", ""enterprise""]"
SEC-011,Security/sec-011_evidence_preservation_runbook.pdf,Security,incident runbook,restricted,"Evidence preservation runbook: Evidence records include collector, timestamp and checksum.",Evidence preservation runbook,2.0,current,2026-04-01,,1,"[""security_reviewer""]",meridian_synthetic,2,15b1eabf18e35ac9ceaa2c7f281d7a0164b014e87ce3c3c4af6735a089d73455,"[""security"", ""incident runbook"", ""synthetic"", ""enterprise""]"
SEC-012,Security/sec-012_security_exception_policy.pdf,Security,policy,internal,Security exception policy: Risk exceptions expire after at most 60 days.,Security exception policy,2.0,current,2026-04-01,,1,"[""employee""]",meridian_synthetic,3,ddc9acbb3936cbcbb2d7c708d0861b20f96fe8bd62a91dd9258126f41368e109,"[""security"", ""policy"", ""synthetic"", ""enterprise""]"
SEC-013,Security/sec-013_restricted_response_roster.pdf,Security,guide,restricted,Restricted response roster: The fictional primary incident role is Beacon Commander.,Restricted response roster,2.0,current,2026-04-01,,1,"[""security_responder"", ""incident_commander""]",meridian_synthetic,4,2ea738eafabca19f0ae055109c8a883afc1f15f601322c15336f83cf037551d4,"[""security"", ""guide"", ""synthetic"", ""enterprise""]"
ENG-001,Engineering/eng-001_orion_product_overview.pdf,Engineering,product documentation,public,Orion product overview: Orion is a fictional workflow analytics service.,Orion product overview,2.0,current,2026-04-01,,1,"[""anonymous"", ""employee""]",meridian_synthetic,5,670f96b10d324a05212cae4445e3b488a6956a602883d4b92388404ef07b2825,"[""engineering"", ""product documentation"", ""synthetic"", ""orion""]"
ENG-002,Engineering/eng-002_orion_api_reference.pdf,Engineering,product documentation,internal,Orion API reference: API version v2 uses cursor-based pagination with a maximum page size of 200.,Orion API reference,2.0,current,2026-04-01,,1,"[""employee""]",meridian_synthetic,6,277f08e4a5b3d43b3c90a5558a7027e09d2ac8164222c01bb327bab8afa8cecf,"[""engineering"", ""product documentation"", ""synthetic"", ""orion""]"
ENG-003,Engineering/eng-003_orion_api_reference_archived.pdf,Engineering,product documentation,internal,Orion API reference - archived: API version v1 used offset-based pagination with a maximum page size of 100.,Orion API reference - archived,1.0,archived,2024-01-01,ENG-002,3,"[""employee""]",meridian_synthetic,1,b4a94621a6226d218d7eb5e187bd62e912909f1755b3fd1b8ef5d8d2fc69e8c8,"[""engineering"", ""product documentation"", ""synthetic"", ""orion""]"
ENG-004,Engineering/eng-004_deployment_sop.pdf,Engineering,SOP,internal,Deployment SOP: Production deploys require a passing release checklist.,Deployment SOP,2.0,current,2026-04-01,,1,"[""employee""]",meridian_synthetic,2,6e16916181ef19819bd70fb6f27a019ee94ab49a7c4aeef55d036c5322287aa0,"[""engineering"", ""SOP"", ""synthetic"", ""enterprise""]"
ENG-005,Engineering/eng-005_code_review_policy.pdf,Engineering,policy,confidential,Code review policy: Changes require one independent reviewer.,Code review policy,2.0,current,2026-04-01,,1,"[""engineering_member"", ""engineering_manager""]",meridian_synthetic,3,0090a9bfe6407160365a741526e3fafb7885f9733973dd8af7199a955dc7e077,"[""engineering"", ""policy"", ""synthetic"", ""enterprise""]"
ENG-006,Engineering/eng-006_developer_onboarding.pdf,Engineering,onboarding guide,internal,Developer onboarding: Local development uses synthetic tenant MDEMO-01.,Developer onboarding,2.0,current,2026-04-01,,1,"[""employee""]",meridian_synthetic,4,05076acd1c4ffc9e3b8692c53b35b9091d27a14f66a1a4b09045f713f56f78c9,"[""engineering"", ""onboarding guide"", ""synthetic"", ""enterprise""]"
ENG-007,Engineering/eng-007_orion_search_configuration.pdf,Engineering,product documentation,internal,Orion search configuration: Orion semantic search returns 20 candidates before reranking.,Orion search configuration,2.0,current,2026-04-01,,1,"[""employee""]",meridian_synthetic,5,1ad828bbb7346d8837726a08800e0022dc8fd334f536cefd9f641a30e66544c1,"[""engineering"", ""product documentation"", ""synthetic"", ""orion""]"
ENG-008,Engineering/eng-008_build_pipeline_faq.pdf,Engineering,FAQ,internal,Build pipeline FAQ: The main pipeline retains build artifacts for 14 days.,Build pipeline FAQ,2.0,current,2026-04-01,,2,"[""employee""]",meridian_synthetic,6,8d9b8a6094a26be81dae86a19b6a03182063a688affe030b23f1a4d8223aab61,"[""engineering"", ""FAQ"", ""synthetic"", ""enterprise""]"
ENG-009,Engineering/eng-009_architecture_decision_process.pdf,Engineering,SOP,internal,Architecture decision process: Architecture records use ADR followed by four digits.,Architecture decision process,2.0,current,2026-04-01,,1,"[""employee""]",meridian_synthetic,1,2ea4efafe9a640b10def27adae19b6d1c1b663bf10346ac5318a215589655d8d,"[""engineering"", ""SOP"", ""synthetic"", ""enterprise""]"
ENG-010,Engineering/eng-010_database_migration_runbook.pdf,Engineering,incident runbook,confidential,Database migration runbook: Schema migrations require a tested rollback or forward-fix plan.,Database migration runbook,2.0,current,2026-04-01,,1,"[""engineering_member"", ""engineering_manager""]",meridian_synthetic,2,cde45d41f7e91abc11cb4552de649bae59aa98b055713ea4b6777c73429d9c08,"[""engineering"", ""incident runbook"", ""synthetic"", ""enterprise""]"
ENG-011,Engineering/eng-011_orion_quotas_guide.pdf,Engineering,product documentation,internal,Orion quotas guide: The Standard plan allows 5000 export jobs per month.,Orion quotas guide,2.0,current,2026-04-01,,1,"[""employee""]",meridian_synthetic,3,52f3ee46cb8d5ec02eb81b581c0f61a4be57b690e03be815ee8b0387d33ff31b,"[""engineering"", ""product documentation"", ""synthetic"", ""orion""]"
ENG-012,Engineering/eng-012_engineering_reliability_guide.pdf,Engineering,guide,internal,Engineering reliability guide: Orion's internal availability target is 99.9 percent per calendar month.,Engineering reliability guide,2.0,current,2026-04-01,,1,"[""employee""]",meridian_synthetic,4,4b530066aed103055fa5ea3dec5699edbf30bd99d41d3c450d396a0db2629e11,"[""engineering"", ""guide"", ""synthetic"", ""enterprise""]"
OPE-001,Operations/ope-001_business_continuity_plan.pdf,Operations,policy,internal,Business continuity plan: The Meridian support hub relocates to the Cedar workspace during site disruption.,Business continuity plan,2.0,current,2026-04-01,,1,"[""employee""]",meridian_synthetic,5,064bc5bf57eb5dac8ae5301248a3573f768d8b24eec583009027b0269fc24a5c,"[""operations"", ""policy"", ""synthetic"", ""enterprise""]"
OPE-002,Operations/ope-002_warehouse_receiving_sop.pdf,Operations,SOP,internal,Warehouse receiving SOP: Receiving staff reconcile shipment lines before stocking.,Warehouse receiving SOP,2.0,current,2026-04-01,,1,"[""employee""]",meridian_synthetic,6,e9b59a17eb2b2116bb61d8bd200c6cc11a65f046da9226a57d2b73ffc19f0cec,"[""operations"", ""SOP"", ""synthetic"", ""enterprise""]"
OPE-003,Operations/ope-003_facilities_onboarding.pdf,Operations,onboarding guide,internal,"Facilities onboarding: Building orientation includes exits, assembly points and accessibility routes.",Facilities onboarding,2.0,current,2026-04-01,,1,"[""employee""]",meridian_synthetic,1,aee49f43f2197e44992ba06e1fa7ac8e5779dc0dc3e524816306ce4e683d6868,"[""operations"", ""onboarding guide"", ""synthetic"", ""enterprise""]"
OPE-004,Operations/ope-004_maintenance_request_faq.pdf,Operations,FAQ,internal,Maintenance request FAQ: Routine maintenance requests receive acknowledgment within one working day.,Maintenance request FAQ,2.0,current,2026-04-01,,2,"[""employee""]",meridian_synthetic,2,c540c52946179e0f9ab811c1ae22778298453f2090e8629152d1f294a057b0dc,"[""operations"", ""FAQ"", ""synthetic"", ""enterprise""]"
OPE-005,Operations/ope-005_supplier_delivery_escalation.pdf,Operations,SOP,confidential,Supplier delivery escalation: Deliveries more than two working days late enter the escalation queue.,Supplier delivery escalation,2.0,current,2026-04-01,,1,"[""operations_member"", ""operations_manager""]",meridian_synthetic,3,209209cfd8729c64b7f4eb159da742cc280aec4c1eb6ebfc3e84e1dc9e7642a1,"[""operations"", ""SOP"", ""synthetic"", ""enterprise""]"
OPE-006,Operations/ope-006_inventory_adjustment_form.pdf,Operations,form instructions,internal,Inventory adjustment form: Adjustments above 50 units require a second reviewer.,Inventory adjustment form,2.0,current,2026-04-01,,1,"[""employee""]",meridian_synthetic,4,a271979ae83a16bd6867d728948cbe2c23bb4d231735617842d57804bc65c9db,"[""operations"", ""form instructions"", ""synthetic"", ""enterprise""]"
OPE-007,Operations/ope-007_order_fulfillment_guide.pdf,Operations,guide,internal,Order fulfillment guide: Standard orders are dispatched within three working days after clearance.,Order fulfillment guide,2.0,current,2026-04-01,,1,"[""employee""]",meridian_synthetic,5,5244ed6c6f74a536f4a60d1245e8f2701bfb7ab19775d0839ecd33d13f78ae17,"[""operations"", ""guide"", ""synthetic"", ""enterprise""]"
OPE-008,Operations/ope-008_operations_incident_runbook.pdf,Operations,incident runbook,confidential,Operations incident runbook: The duty coordinator opens an incident for a sustained fulfillment stoppage.,Operations incident runbook,2.0,current,2026-04-01,,1,"[""operations_member"", ""operations_manager""]",meridian_synthetic,6,993bc583fa6119aacd9f5985f518c02aea9222d0119a4a1eca5eeac1141c5f8e,"[""operations"", ""incident runbook"", ""synthetic"", ""enterprise""]"
OPE-009,Operations/ope-009_shift_handover_sop.pdf,Operations,SOP,internal,Shift handover SOP: Every shift handover records open cases and next actions.,Shift handover SOP,2.0,current,2026-04-01,,1,"[""employee""]",meridian_synthetic,1,eef78582beff585781f94e7fcaa7cb33deef70ed7b21ad331b9b3f692c8fa995,"[""operations"", ""SOP"", ""synthetic"", ""enterprise""]"
OPE-010,Operations/ope-010_travel_logistics_quick_guide.pdf,Operations,guide,confidential,Travel logistics quick guide: This older quick guide quotes a domestic hotel cap of 110 Meridian credits.,Travel logistics quick guide,1.0,stale,2025-02-01,,2,"[""operations_member"", ""operations_manager""]",meridian_synthetic,2,1b53dd6934983cf0422c659d542e1779e53e2e6a7a16ac5617ae13d74edbf308,"[""operations"", ""guide"", ""synthetic"", ""enterprise""]"
OPE-011,Operations/ope-011_capacity_planning_procedure.pdf,Operations,SOP,internal,Capacity planning procedure: Capacity forecasts cover the next eight weeks.,Capacity planning procedure,2.0,current,2026-04-01,,1,"[""employee""]",meridian_synthetic,3,cb17af1b309c1c8e8b3a7664ece131700c440d5af2f6c07407bf766bb33bc60d,"[""operations"", ""SOP"", ""synthetic"", ""enterprise""]"
OPE-012,Operations/ope-012_returns_processing_faq.pdf,Operations,FAQ,internal,Returns processing FAQ: Return authorizations expire after 21 days.,Returns processing FAQ,2.0,current,2026-04-01,,2,"[""employee""]",meridian_synthetic,4,ab91766f06a64e26a72c7829ab242b279901f63d491079adeb1526233efc2d6a,"[""operations"", ""FAQ"", ""synthetic"", ""enterprise""]"
SAL-001,Sales/sal-001_sales_onboarding_guide.pdf,Sales,onboarding guide,internal,Sales onboarding guide: New representatives complete sandbox demos before customer calls.,Sales onboarding guide,2.0,current,2026-04-01,,1,"[""employee""]",meridian_synthetic,5,b534a77487eefdb66108e289fd2a09d40cae1ec667537a4b4e7d4471b187ab1b,"[""sales"", ""onboarding guide"", ""synthetic"", ""enterprise""]"
SAL-002,Sales/sal-002_discount_approval_policy.pdf,Sales,policy,internal,Discount approval policy: Sales managers may approve discounts up to 12 percent.,Discount approval policy,2.0,current,2026-04-01,,1,"[""employee""]",meridian_synthetic,6,8256517cc62f47086275db432c1201b8787712b0c409323a5887204f40208dd5,"[""sales"", ""policy"", ""synthetic"", ""enterprise""]"
SAL-003,Sales/sal-003_discount_approval_policy_archived.pdf,Sales,policy,internal,Discount approval policy - archived: The former Sales manager discount limit was 15 percent.,Discount approval policy - archived,1.0,archived,2024-01-01,SAL-002,3,"[""employee""]",meridian_synthetic,1,7f4a3ad99973e7132c9a6acb1351ede980bc8085c037ac980d301656cee04625,"[""sales"", ""policy"", ""synthetic"", ""enterprise""]"
SAL-004,Sales/sal-004_orion_customer_faq.pdf,Sales,FAQ,public,Orion customer FAQ: Standard Orion workspaces support scheduled CSV and JSON exports.,Orion customer FAQ,2.0,current,2026-04-01,,2,"[""anonymous"", ""employee""]",meridian_synthetic,2,c834bd1eadccb2c815382a236097cb438f778b2fb06ecee1b3f451a28532f607,"[""sales"", ""FAQ"", ""synthetic"", ""orion""]"
SAL-005,Sales/sal-005_lead_qualification_sop.pdf,Sales,SOP,confidential,Lead qualification SOP: Qualified opportunities need a documented use case and decision process.,Lead qualification SOP,2.0,current,2026-04-01,,1,"[""sales_member"", ""sales_manager""]",meridian_synthetic,3,4e0a4bdf5dacd11444a847653dfc40f87f40fb73b7d51d5b6a94b328875df8dc,"[""sales"", ""SOP"", ""synthetic"", ""enterprise""]"
SAL-006,Sales/sal-006_proposal_instructions.pdf,Sales,form instructions,internal,"Proposal instructions: Proposals require product scope, term and approved pricing.",Proposal instructions,2.0,current,2026-04-01,,1,"[""employee""]",meridian_synthetic,4,cf8dffb7276b98027aa5daebdd1b65c396d8ad80c70b1c0ad216107b4d9977de,"[""sales"", ""form instructions"", ""synthetic"", ""enterprise""]"
SAL-007,Sales/sal-007_customer_handoff_checklist.pdf,Sales,SOP,internal,Customer handoff checklist: Implementation handoff occurs within two working days of signature.,Customer handoff checklist,2.0,current,2026-04-01,,1,"[""employee""]",meridian_synthetic,5,0ac99b454c0b4d6a70ccdc63c7d9ecb2eb14028baba75c42a8e9a4ad64552a40,"[""sales"", ""SOP"", ""synthetic"", ""enterprise""]"
SAL-008,Sales/sal-008_competitive_positioning_guide.pdf,Sales,guide,public,Competitive positioning guide: Orion positioning emphasizes workflow visibility and export automation.,Competitive positioning guide,2.0,current,2026-04-01,,1,"[""anonymous"", ""employee""]",meridian_synthetic,6,eba6ddd319a94097cdc2a930c7457a9ac06cef1b1b62f11092adf800d0c132b9,"[""sales"", ""guide"", ""synthetic"", ""enterprise""]"
SAL-009,Sales/sal-009_demo_incident_runbook.pdf,Sales,incident runbook,confidential,Demo incident runbook: Demo failures use the Cedar backup sandbox.,Demo incident runbook,2.0,current,2026-04-01,,1,"[""sales_member"", ""sales_manager""]",meridian_synthetic,1,fb01bf75daf78adbd03b93489e43790467522551149cae2ed80000ef6f448bb7,"[""sales"", ""incident runbook"", ""synthetic"", ""enterprise""]"
SAL-010,Sales/sal-010_renewal_procedure.pdf,Sales,SOP,confidential,Renewal procedure: Renewal preparation starts 90 days before term end.,Renewal procedure,2.0,current,2026-04-01,,1,"[""sales_member"", ""sales_manager""]",meridian_synthetic,2,7f7a428a84530e89d4157edc6db2feb483869e9ce332cedde178f99080442ddc,"[""sales"", ""SOP"", ""synthetic"", ""enterprise""]"
SAL-011,Sales/sal-011_enterprise_service_commitments.pdf,Sales,product documentation,internal,Enterprise service commitments: The standard signed Enterprise template commits to 99.5 percent monthly availability.,Enterprise service commitments,2.0,current,2026-04-01,,1,"[""employee""]",meridian_synthetic,3,b788268dd944d5c946f561bf4067037acb037173f28a7f6ebffc59e49af54f19,"[""sales"", ""product documentation"", ""synthetic"", ""enterprise""]"
SAL-012,Sales/sal-012_restricted_deal_desk_guide.pdf,Sales,guide,restricted,Restricted deal desk guide: Strategic exception code DD-47 routes to the deal desk chair.,Restricted deal desk guide,2.0,current,2026-04-01,,1,"[""finance_analyst"", ""sales_approver""]",meridian_synthetic,4,62d7b77991c85d9aa8ec3b793912f780cc2cdbeb2c769d37bffa3abe182cd2c1,"[""sales"", ""guide"", ""synthetic"", ""enterprise""]"
COM-001,Compliance/com-001_records_retention_schedule.pdf,Compliance,policy,internal,Records retention schedule: Approved financial close records are retained for seven fictional fiscal years.,Records retention schedule,2.0,current,2026-04-01,,1,"[""employee""]",meridian_synthetic,5,8ba0899c64e9c53012d6f54c2d89328d846da80278750210110a1a5cd9d3cbcf,"[""compliance"", ""policy"", ""synthetic"", ""enterprise""]"
COM-002,Compliance/com-002_privacy_request_sop.pdf,Compliance,SOP,internal,Privacy request SOP: The internal target for privacy request completion is 25 calendar days.,Privacy request SOP,2.0,current,2026-04-01,,1,"[""employee""]",meridian_synthetic,6,0a6e54aa295841e71f7d5d52cb139d0a550989e1fcf306e77a1255b7447b13b3,"[""compliance"", ""SOP"", ""synthetic"", ""enterprise""]"
COM-003,Compliance/com-003_audit_evidence_instructions.pdf,Compliance,form instructions,internal,"Audit evidence instructions: Evidence submissions include control ID, period and owner.",Audit evidence instructions,2.0,current,2026-04-01,,1,"[""employee""]",meridian_synthetic,1,ec60a6f06ae04114fa446e9d7aad346d577fbfa8dc81e53238346a45b6b6e538,"[""compliance"", ""form instructions"", ""synthetic"", ""enterprise""]"
COM-004,Compliance/com-004_third_party_compliance_faq.pdf,Compliance,FAQ,internal,Third-party compliance FAQ: Vendor attestations are reviewed before onboarding.,Third-party compliance FAQ,2.0,current,2026-04-01,,2,"[""employee""]",meridian_synthetic,2,9e401f15f872604d2cd2268fec7c1a3992f6e0fef41b8118a4e15758dfa7d7a0,"[""compliance"", ""FAQ"", ""synthetic"", ""enterprise""]"
COM-005,Compliance/com-005_legal_hold_procedure.pdf,Compliance,SOP,confidential,Legal hold procedure: Only the designated legal coordinator can release a hold.,Legal hold procedure,2.0,current,2026-04-01,,1,"[""compliance_member"", ""compliance_manager""]",meridian_synthetic,3,0838ab371e2c0ee1cd27bf1516abf5deca3842eb9e3a6f2241730737b336d44b,"[""compliance"", ""SOP"", ""synthetic"", ""enterprise""]"
COM-006,Compliance/com-006_access_review_control.pdf,Compliance,policy,internal,Access review control: Business application access is reviewed every quarter.,Access review control,2.0,current,2026-04-01,,1,"[""employee""]",meridian_synthetic,4,bd190335b453d527ae36dc26c8e7a58ef0f17dfbcf5c7f615d176469acf5b00c,"[""compliance"", ""policy"", ""synthetic"", ""enterprise""]"
COM-007,Compliance/com-007_incident_notification_decision_guide.pdf,Compliance,incident runbook,confidential,Incident notification decision guide: Compliance records the notification assessment and applicable fictional contract.,Incident notification decision guide,2.0,current,2026-04-01,,1,"[""compliance_member"", ""compliance_manager""]",meridian_synthetic,5,8f13e75afd90f70d9e2a81c545903aab7cef9e2babd557e677cc0091ecaee6f9,"[""compliance"", ""incident runbook"", ""synthetic"", ""enterprise""]"
COM-008,Compliance/com-008_policy_publishing_procedure.pdf,Compliance,SOP,internal,Policy publishing procedure: Published policies require an owner and effective date.,Policy publishing procedure,2.0,current,2026-04-01,,1,"[""employee""]",meridian_synthetic,6,0bf45f072b9de2b1d7bc02c6f1b9592ebc1b727c596f1112de588d1008d8c0d2,"[""compliance"", ""SOP"", ""synthetic"", ""enterprise""]"
COM-009,Compliance/com-009_compliance_onboarding_guide.pdf,Compliance,onboarding guide,internal,Compliance onboarding guide: New joiners complete records-handling learning within ten working days.,Compliance onboarding guide,2.0,current,2026-04-01,,1,"[""employee""]",meridian_synthetic,1,4f8fcf395abaaffc0134cc87daabad8edbf65617f768737acd31f94720342394,"[""compliance"", ""onboarding guide"", ""synthetic"", ""enterprise""]"
COM-010,Compliance/com-010_export_review_checklist.pdf,Compliance,form instructions,confidential,"Export review checklist: Export requests require destination, purpose and data classification.",Export review checklist,2.0,current,2026-04-01,,1,"[""compliance_member"", ""compliance_manager""]",meridian_synthetic,2,6d910bac90c20eaa17027bd637f7ef82959a8792ca6efb114202fa5784e5c5cc,"[""compliance"", ""form instructions"", ""synthetic"", ""enterprise""]"
COM-011,Compliance/com-011_whistleblowing_faq.pdf,Compliance,FAQ,restricted,Whistleblowing FAQ: The fictional reporting portal accepts anonymous reports.,Whistleblowing FAQ,2.0,current,2026-04-01,,2,"[""compliance_reviewer""]",meridian_synthetic,3,aa0fe57a51f36b4572799a4b798d71a60786da8e1838508ab47adae97d34ca07,"[""compliance"", ""FAQ"", ""synthetic"", ""enterprise""]"
COM-012,Compliance/com-012_orion_assurance_summary.pdf,Compliance,product documentation,public,Orion assurance summary: Orion training environments contain synthetic records.,Orion assurance summary,2.0,current,2026-04-01,,1,"[""anonymous"", ""employee""]",meridian_synthetic,4,c755a2891c0ac9c0253a9b72382a00bc898ab1647c9a7f72f3600d2d6a010e3a,"[""compliance"", ""product documentation"", ""synthetic"", ""orion""]"
